No.,Title,Text
1,東ガス、ホンダ熊本工場とPPA締結蓄電池併設で太陽光導入へ2023年01月号,東京ガス子会社の東京ガスエンジニアリングソリューションズ（＝TGES、小西康弘社長）は2022年11月22日、本田技研工業の熊本製作所に出力3.2MWの太陽光発電設備と蓄電容量2万kWhの蓄電設備を設置すると発表した。顧客に投資の負担がないオンサイトPPA（電力売買契約）方式で再生可能エネルギー電力を長期間販売していく。同社は、熊本製作所の屋根に出力1.2MWの太陽光発電設備を設置し、駐車場に2MWの太陽光パネル搭載カーポートを導入する。蓄電容量2000kWhのGSユアサ製リチウムイオン蓄電設備を10機併設し、オンサイトPPAで再エネ電力を供給する。ただしPPAの期間と電力販売単価は明かさなかった。屋根上に設置する1.2MWの太陽光発電設備と0.8MWの太陽光カーポートを22年度内に動かし、1.2MWの太陽光カーポートと蓄電設備を23年度に稼働させる計画だ。設備が生み出す再エネ電力を施設内で消費しつつ、余剰電力を蓄電設備にためる。蓄電設備からの放電で電力需要のピークをカットし、電力代の削減に繋げる。TGESはEPC（設計・調達・建設）やO&M（管理・保守）も担う。自社の遠隔監視センターで常時発電量を監視し、設備の故障の予兆を検知して不具合が発生しないように予防する。同社は21年10月にも熊本製作所の屋根上に3.8MWの太陽光発電設備を設置しており、既設の発電設備を含めると、出力は7MWになる。これで熊本製作所から排出される二酸化炭素の排出量が年間約3300t削減できると見込む。TGES産業エネルギーソリューション部の澁谷弘毅副部長は、「蓄電池とPCS（パワーコンディショナ）をパッケージ化して低コスト化を実現した。今後のPPA案件では、省エネルギー機器の導入も含めて客先の脱炭素化に貢献していく」と語る。なお22年10月末時の同社のPPA契約量は23.7MWである。太陽光カーポートの設置イメージ。ネクストエナジー・アンド・リソース製を採用する
2,三菱総研　蓄電設備運用支援開始2023年01月号,三菱総合研究所は2022年11月14日、蓄電設備を運用するアグリゲータなどを支援するサービスを開始した。蓄電設備の運用による事業収益性や最適な運用計画を提示する機能を提供する。ウェブ上で利用できるよう利便性を高め、幅広い顧客の獲得を狙う。変動性の再生可能エネルギー電源が普及するなか、充放電によって電力需給を制御できる蓄電設備の調整力が重宝されている。すでに調整力を送配電事業者と取引する市場が開設済みで、複数の蓄電設備を運用して収益化を図るアグリゲータなどが出てきた。ただ、電力消費先の蓄電設備を運用する場合、電力消費者の利用事情にも配慮しなければならない。そこで同社は、蓄電設備の運用にあたってアグリゲータが最適な運用計画を導けるよう情報を提供するサービスを始めた。利用者は、運用する蓄電設備の蓄電容量や充放電効率、設備費、維持費などの基本情報に加え、蓄電設備を保有する電力消費者先の電力消費量や電力代、太陽光発電設備の有無などの情報も入力する。そのうえで蓄電設備の調整力や供給力を取引する需給調整市場や容量市場などの入札情報を入れればよい。約5分から20分程で、電力消費者の電力代削減効果とアグリゲータの収益性を高める最適な蓄電設備の運用計画が1年分表示される。条件毎にアグリゲータの事業収益も表示されるため、条件を変更して複数試算すれば、細かく比較することができる。サービスの利用契約は1年間である。同社イノベーション・サービス開発本部エネルギー新事業グループ兼経営イノベーション本部電力・エネルギーグループの湯浅友幸シニアプロジェクトマネージャーは、「特徴は複数の事業用途に対応していること。追加メニューだが、予測誤差を加味した高精度なシミュレーションも可能なほか、系統用蓄電設備を用いた蓄電事業にも対応している」と特徴を語った。
3,リコー、エッジデータセンター向け蓄電設備の実証開始特性異なる使用済み車載電池を活用2023年01月号,リコーは2022年11月25日、エッジデータセンターの脱炭素化を目指した蓄電設備の実証事業を始めると発表した。太陽光発電と連携しつつ、特性の異なる使用済み車載蓄電池を使用している点が特徴だ。物流などを含めた循環型の仕組みの構築を目指す。同社は静岡県御殿場市の環境事業開発センターに使用済み車載蓄電池を使った蓄電設備を設置。同センター内にある合計出力37‌kWの既設太陽光発電設備のうち、19‌kW分を活用し、エッジデータセンターの電力消費を模擬した電子負荷装置を用いた実証事業を行う。蓄電容量は非公表としたが、EV（電気自動車）とHEV（ハイブリッド車）から排出された特性の異なる使用済み蓄電池を用いている。同社リコーデジタルサービスビジネスユニット日本極統括環境・エネルギー事業センター第2開発室開発2グループの蔀貴行氏は、「両方ともリチウムイオン蓄電池だが、EV用は大容量、HEV用は高出力といった異なる特性を持つ。それらを並列に繋ぎつつ、双方の特性を最大限に活かせる最適制御を実現させたい」と話す。同社は18年度から2年間、環境省の実証事業として、HEVの使用済み蓄電池を用いたEV急速充電器の補助電源用蓄電設備を開発。同センターの原田忠克第2開発室室長は、「今後HEVの使用済み蓄電池の大量発生が予測されるなかで、当社が複写機の再使用・再資源化で培ってきた知見などを活かせると思い、開発に着手した」と説明する。今回の実証事業はそれに続くもので、環境省の別の実証事業に採択されている。今回の実証事業では今後拡大が見込まれる利用場所の近くで情報処理を実行するエッジデータセンターでの活用を想定。原田室長は、「データセンターでも再生可能エネルギーによる脱炭素化を目指す動きが活発になっており、変動を吸収できる蓄電設備に対する需要もある」としたうえで、「車載蓄電池の大量廃棄の開始が予測される25年頃までに事業化できれば」と語る。使用済み蓄電池を活用していくには、物流や検査などを含めた処理体制の構築が欠かせないが、同社はすでに複写機で同様の仕組みを構築済みである。事業化に向けてはそれらも活かす構えだ。静岡県御殿場市で実証中。手前左から蓄電池、制御盤、負荷盤
4,日本PVプランナー協会、全国大会開催2023年01月号,販売・施工会社が多く参加する太陽光関連団体の日本PVプランナー協会（東京都千代田区、石丸貴樹理事長）は2022年11月25日、東京都渋谷区の東郷記念館で第10回全国会員大会を開催した。同時配信されたオンライン参加を含め136名が出席した。会では、最優秀会員や安全スローガン、協会専用保険などに関する表彰、22年度の運営方針の発表のほか、協力団体である太陽光発電メンテナンス協会や中部ソーラーシェアリングやろまい会による講演が行われた。冒頭壇上に立った石丸貴樹理事長は、「当協会は、販売ノウハウと施工技術に関する支援組織として立ち上がった『発電マングループ』から始まった。12年10月には非営利組織である一般社団法人となり、今年10周年を迎えることができた」としたうえで、「太陽光業界はまだまだ道半ばである。当協会も成長し続けていきたい」と挨拶した。なお、同日には法人設立10周年記念式典も開催し、歴代の理事長なども参集した。挨拶する石丸貴樹理事長
5,KCCS、再エネ100％データセンター開設へ証書なしで計画2023年01月号,京セラ子会社の京セラコミュニケーションシステム（＝KCCS、黒瀬善仁社長）は2022年12月、全ての電力消費を再生可能エネルギーで賄うデータセンターの建設を始めた。環境証書や再エネ由来の電力は使用せず、太陽光発電設備の自家消費やPPA（電力売買契約）で再エネを調達する。24年秋を目途に開設する予定だ。同社は、80億円投じ、北海道石狩市内に消費電力2～3MWのデータセンターを開設する。隣接する土地に出力1.8MWの太陽光発電所を新設し、自営線でデータセンターに再エネ電力を供給、消費電力の15％程度を再エネで賄う。不足分は石狩市内の発電事業者からPPAなどで再エネ電力を調達する構えだ。蓄電容量6000kWhの蓄電設備をデータセンターに併設し、AI（人工知能）と電力需給装置を組み合わせたEMS（エネルギー管理システム）との併用で電力需給を制御する。再エネ電力を安定的に供給しつつ、経済合理性を追求する。環境省の補助金、『脱炭素イノベーションによる地域循環共生圏構築事業』を活用し、太陽光発電所の建設費に工面する。データセンターを企業や自治体に活用してもらうよう、日本データセンター協会の設備基準の最上級である『JDCCティア4』を取得した。19年に全量再エネ由来の電力で運営する工業団地の開発に向け、石狩市と協定を締結。その一環として全量再エネ電力で運営するデータセンターを21年に建設する予定だったが、計画が遅れていた。同社経営企画部GX事業開発部の尾方哲部長は、「当初はベースロード電源になり得るバイオマス発電所の建設計画があったが、頓挫し、20年に計画を見直した」と経緯を述べたうえで、「今後は、データセンターの拡張や水素の利用などを構想している。オンサイト型とオフサイト型の双方に活用できるEMSの横展開も目指す」と展望を語った。データセンターの完成イメージ
6,22年度第3回FIT・FIP入札、結果公表募集容量届かず低調続く2023年01月号,電力広域的運営推進機関は2022年11月25日、22年度第3回目のFIT及びFIP（フィード・イン・プレミアム制度）の入札結果を公表した。過去2回と同様に募集容量に届かなかった。22年度のFIT及びFIPの入札では、全4回の実施を計画しており、今回で3回目。落札結果は、FIP入札が11件137.2MW、FIT入札が17件11.3MWだった。いずれの募集容量も過去2回と同様に、出力1MW以上の太陽光発電所のFIP入札が計175MW、250kW以上1MW未満の太陽光発電所のFIT入札が計50MWだった。両方とも入札参加資格の審査のために提出された事業計画の段階から募集容量に到達せず、実際に応札した全案件が落札された。上限単価はいずれもkWhあたり9.75円と、前回入札の加重平均落札単価を下回る単価が設定されており、価格低減は進んだと言える。それぞれの最低落札単価と加重平均落札単価はFIP入札が9.65円と9.73円、FIT入札が9.5円と9.7円だった。なお、次回の22年度第4回入札の募集容量はこれまでと同じFIP対象分が175MW、FIT対象分が50MWとなる。審査や応札などを経て23年3月10日に落札結果が公表される予定だ。
7,タオケイエナジー　系統用蓄電設備発売水冷式蓄電池を採用2023年01月号,5または10フィートコンテナにハイブリッドPCSを収容遠隔監視装置製造の中・タオケイのグループ会社で蓄電設備を販売するタオケイエナジー（東京都港区、陸剣洲社長）は2022年10月、蓄電容量約9000kWhの系統用蓄電設備を発売した。水冷式蓄電池を採用して長寿命化を図った。23年に既存製品と併せて計3万kWhの販売を目指す。同社は蓄電容量計8840kWh、出力2MWの蓄電設備を開発。中・CATLから蓄電池を、中・シンエクセルからハイブリッドPCS（パワーコンディショナ）をそれぞれ調達し、自社の監視装置と組み合わせて製品化した。標準品は蓄電容量221kWhの蓄電池を40台組み合わせるが、顧客の要望に応じて20台や30台でも提供する。同社の李忠副社長は、「水冷式は、蓄電池にチラー（冷却水循環装置）が入っており、空冷式と違って蓄電池用のコンテナや空調が不要になる。その一方で温めることも可能なため、寒冷地でも使える。常に適温で稼働するので長寿命化が期待できる」と説明する。同社は自家消費用の蓄電設備も扱う。蓄電容量215kWh・出力100kW品や430kWh・200kW品のハイブリッド型蓄電設備を製品群に揃え、累計1.6万kWh以上販売した。李副社長は、「今後は蓄電所の開発を進める。土地選定から連系協議まで我々が手掛けていく」と語った。CATLの水冷式蓄電池
8,AGC、太陽光パネルの壁面設置工法を開発ノザワと共同で2023年01月号,ガラス大手のAGCは2022年11月17日、壁材メーカーのノザワと太陽光パネルの壁面設置工法を開発したと発表した。まずは試験的な販売から始め、23年から販売を本格化する予定だ。両社は、S造と呼ばれる鉄骨造の建物の壁面に太陽光パネルを設置する工法をこのほど開発。鉄骨造は事務所や商業施設などで多く採用されている構造だが、外壁材に太陽光パネルをそのまま取り付けると、地震発生時に揺れなどで破損する恐れがあったため、これまで設置は困難だった。新工法では、外壁材となる押出成形セメント板に太陽光パネルを取り付けるのだが、その間にある下地材に太陽光パネルが揺れに追従できる工夫を施したことで、地震発生時などにおける安全性を確保したという。現在、特許も出願している。脱炭素化に取り組む企業が増加するなかで、太陽光パネルの壁面設置に対する需要も拡大している。そこで合わせガラスに太陽電池セルを挟んだ建材一体型太陽光パネルを販売してきたAGCと壁材メーカーであるノザワが連携し、独自の設置工法を開発したというわけだ。ノザワ開発部第二商品開発室の森木伸也室長が「21年春から両社で協議を始め、夏には開発に着手した。安全性を確認するための試験も実施済みだ」と振り返れば、AGC建築ガラスアジアカンパニー日本事業本部新市場開拓部スマートガラスの山本耕平技術担当部長は「汎用の太陽光パネルを壁面に設置できる工法で、両社の知見を融合させることができた」と胸を張る。新工法はまず低層から中層の新築建物向けに材工一体で提案していく方針だ。新開発した壁面設置工法『アスロックレールファスナー太陽光パネル設置工法』の導入イメージ。窓には合わせガラスタイプの太陽光パネルを設置している
9,三菱電機、高効率直流変換器盤を開発施設内の直流配電に前進2023年01月号,三菱電機は2022年11月17日、SiC（シリコンカーバイド）パワー半導体素子を採用して電力変換効率を高めた直流変換器盤を開発したと発表した。自社の技術実証棟で実証試験を開始し、25年以降の実用化を目指す。直流配電は、既存の交流配電と比べて電力変換損失が小さいとされている。特に太陽光電力や蓄電池にためる電力が直流ゆえ、再生可能エネルギーの普及とともに直流配電の利用が注目されてきた。ただ、直流配電を施設に導入すると、配電盤に接続する空調設備や照明などの機器に対して最適な電圧を出力する電力変換器を多数配置する必要がある。それゆえ配電システムを小型にしなければならないという課題があった。そこで同社は、SiCパワー半導体素子を用いて電力変換器の効率を高め、回路部品を小型化することで複数の変換器を一つに格納した直流変換器盤を開発。さらに施設内の複数の設備に応じた最適な電圧を供給する電圧給電回路も開発した。従来品と比べ変換器盤の体積を20％、質量を36％それぞれ低減したうえ、直流から直流への電力変換効率を従来品より1.5ポイント程度高い98.6％に向上させ、交流から直流への変換効率も98.5％まで高めた。最大電圧を740Vへ高電圧化したことで、従来品で生じていた電力損失の45％を削減したほか、新型の電圧給電回路で供給電圧を最適化したことで、既存の交流配電と比べ受配電損失を20％低減することに成功したという。同社先端技術総合研究所の中武浩電力変換システム技術部長は、「損失を抑え、熱の発生を低減できたことで、冷却装置を小型化することができた」と語る。同社は今回の設備を自社のZEB（ネット・ゼロ・エネルギー・ビル）関連技術実証棟に設置し、22年11月より自立運転時の安定性や設備の受配電効果を検証する。DCマルチ変換器盤
10,丸紅、中古パネル販売で損保ジャパンと提携瑕疵保証を活用2023年01月号,総合商社の丸紅は2022年11月21日、23年度に予定している中古太陽光パネルの販売で保険大手の損害保険ジャパンらと基本合意を交わしたと発表した。瑕疵保証保険を活用し、品質を担保して拡販する構えだ。丸紅は、性能検査を実施して販売する中古太陽光パネルに瑕疵保証を付与する。損害保険ジャパンの瑕疵保証保険に加入し、パネルに故障などの瑕疵があった場合、修繕費や交換費を保険で補填する。交換の際に回収した中古太陽光パネルには再び性能検査を実施し、丸紅が開発した情報管理プラットフォームと連携して再使用できないものは再資源化していく。同社電力新事業部の本田悠一郎氏は、「情報管理プラットフォームによって中古太陽光パネルの適切な情報管理が可能になったため、瑕疵保証保険に加入できるようになった」とし、「保証付き中古パネルの引き合いは多い。まずは1件の成約を目指し、需要喚起に繋げたい」と語る。丸紅は、21年6月に中古太陽光パネルの取り扱い履歴や検査情報、再使用の可否判断などの情報を管理する情報管理プラットフォームを構築した。適正かつ効率的なパネルの再利用を目的に実証事業を実施している。
11,伊藤忠商事、パワーエックスと提携2023年01月号,総合商社の伊藤忠商事は2022年10月、蓄電池ベンチャーのパワーエックスと業務提携したと発表した。伊藤忠はパワーエックスに対して販売支援を行う。アグリゲーション事業への参入を見据えて提携した模様だ。伊藤忠はパワーエックスの蓄電池や急速充電器に関心のある企業をパワーエックスに紹介する。さらにパワーエックスの製品を扱うことも検討している。伊藤忠商事電力・環境ソリューション部門の西尾仁志電池ビジネス課長は、「アグリゲーション事業の確立を目指すなか、EV（電気自動車）関連機器の取り扱いを検討していた。そこで急速充電器を製造するパワーエックスと提携した」と話す。伊藤忠は7月にパワーエックスへ出資した。一方、伊藤忠は10月にノルウェーの蓄電池製造会社、フライヤーバッテリーと材料供給に関する基本契約を結んだ。蓄電池製造に必要な部材を販売する。フライヤーは伊藤忠が出資する半固体蓄電池開発の米・24Mテクノロジーズの技術ライセンスを取得して製造している。
12,日本太陽光発電検査技術協会 会員数80社突破2023年01月号,O&M（管理・保守）企業の任意団体、日本太陽光発電検査技術協会（斉藤昭雄代表理事）はこのほど、会員企業数が80社を超えた。技術研修の内容を拡充し、会員数をさらに増やしていく構えである。協会では、草刈りや太陽光パネルの洗浄、ドローン（無人航空機）を活用した点検などのテーマで技術研修を実施しており、O&Mの情報収集を目的に入会する企業が増えているようだ。今後は、O&M事業の収益改善策など、より専門的なテーマの研修も始める方針だ。斉藤代表理事は、「経済産業省や地方自治体との関係が深まったほか、国会議員との意見交換の機会も増えた。情報発信力をさらに強めていきたい」と意気込む。斉藤代表理事
13,マップル 集合住宅向けEMS提供開始2022年12月号,昭文社ホールディングスの子会社で、地図情報を販売するマップル（東京都千代田区、大日方祐樹社長）は2022年10月31日、集合住宅向けにEMS（エネルギー管理システム）の販売を始めた。住宅メーカーなどと協力して集合住宅の所有者へ提案していく。同社はベンチャー企業と協業を進めるなか、21年7月に電力変換器製造のヘッドスプリングと資本提携を交わし、集合住宅用のEMSを開発した。具体的には、気象情報や太陽光パネルの発電実績、各住戸の電力消費実績をもとに、発電量と需要量を予測し、蓄電設備の最適な運用計画を作成して蓄電設備を制御するというもの。同社によると、EMSによって蓄電設備を1000分の1秒から100分の1秒単位で制御できるため、負荷変動を低減でき、電力需要のピークカット効果があるという。同社らは、低圧電力を一括受電する新築の集合住宅の所有者に蓄電設備とEMSを販売し、EMSで蓄電設備を運用することで客先の電力代を削減する。同社事業企画本部長の宇津井聡史取締役は、「集合住宅のオーナーは電力代の安価な物件として提案できるので、居住者を呼び込むことができる」と話す。同社は、リン酸鉄系リチウムイオン蓄電池を搭載した出力5.9‌kWの単相ハイブリッド型蓄電設備を生産委託先から調達し、蓄電容量が5.8‌kWhと11.5kWh、17.3kWhの異なる3つの製品を用意する。今回の協業について、ヘッドスプリングの岡島良樹取締役CIOは、「大容量の三相蓄電設備が抱える設置制約を解消できるようになる。単相に変換する際の電力損失がない」と話す。なお、マップルは営業を担当し、ヘッドスプリングはEMSの運用などを行い、両社の共同出資で設立したマップル・ヘッドスプリングがEMSと蓄電設備を販売する。集合住宅向けEMSの設置イメージ
14,北陸銀、北陸電と提携PPAで脱炭素化へ2022年12月号,北陸銀行（富山市、中澤宏頭取）は2022年10月25日、北陸電力と協定を結び、PPA（電力売買契約）方式で再生可能エネルギー電力を調達する計画を発表した。脱炭素経営に本腰を入れる方針だ。北陸銀は、北陸電100％子会社の北陸電力ビズ・エナジーソリューション（＝北電BEST）と20年間のオフサイトPPAを結び、富山県内34店舗、石川県内15店舗、福井県内9店舗の計58店舗で環境価値付き再エネ電力を消費する。具体的には、北陸銀が富山市内の自社研修施設内の運動場を提供し、北電BESTが直流出力約3.1MWの『ほくほくソーラーパーク』を建設・運用する。北電BESTは設備が生み出す年間約3300万kWhの環境価値付き再エネ電力を北陸電に卸し、北陸電が北陸銀の各支店に電力を供給する。これで北陸銀は使用電力の25％を再エネ電力に転換し、約1600tの二酸化炭素排出量を削減する。北電BESTは22年11月に着工し、23年夏頃に稼働させる計画で、O&M（管理・保守）まで担う予定だ。北陸銀行経営企画部サステナビリティ推進グループの島田善朗部長代理は、「地域の脱炭素化を進めるうえで、先駆けて脱炭素経営を実践する必要があった」と経緯を語る。北陸銀を傘下に持つほくほくファイナンシャルグループは30年度までに二酸化炭素排出量を13年度比46％削減する目標を掲げている。今回のPPAによる再エネ調達が本格化する23年度には、同比44％削減まで削減率を高める見込みだ。建設予定の太陽光発電所の完成イメージ
15,あいおいニッセイ、PPA業者向け保険発売2022年12月号,損害保険大手のあいおいニッセイ同和損害保険（東京都渋谷区、新納啓介社長）は2022年11月4日、太陽光発電設備のPPA事業を手掛ける業者向けの保険を発売した。PPA事業のリスクを総合的に補填し、再生可能エネルギーの普及を後押しする構えだ。PPA事業のリスクは、自然災害などで発電設備が破損したり、二次被害が発生したりする事故のリスクだけではない。設備が損壊すれば、代わりに環境価値付き再エネ電力を外部から調達しなければならないし、電力卸売・小売り業者が吸収できないインバランスリスクを負う場合もある。そこで同社は様々なリスクを包括的に補う保険を商品化した。具体的には、発電設備の破損や二次被害などのリスクを既存の損害保険や見舞金保険で補填し、顧客に再エネを販売できなくなった際の環境証書の調達費負担は包括職業賠償責任保険で補う。このほかインバランス費用の負担は、超過費用補償保険で補償するという。ただし、環境価値付き再エネ電力の代替調達費用やインバランス費用の補償に関しては、火災・自然災害等の事故で設備が破損した場合のみ補償するという条件を設けている。同社マーケット開発部の小林秀行担当課長は、「PPAの内容は様々で、リスクの幅が広いため、既存の保険と新しい保険を組み合わせる必要があった」と経緯を語る。対象設備は、低圧太陽光発電設備から特別高圧太陽光発電設備までオフサイト型も含めたすべてのPPA用の発電設備である。年間の保険料は、PPA業者の契約数や過去の災害時の被害規模などで異なるが、最低でも年間数百万円程はかかる。契約は1年毎の更新で、その都度、事業者はリスクに応じて6つの保険を組み合わせることができる。同社は、まずEPC（設計・調達・建設）企業のサンヴィレッジと契約を交わす模様だ。今後は販売代理店を通じて商品を拡販し、25年までに売上規模20億円を目指す。同社商品・CSV×DX企画部次世代商品R&DLab室の堀越洋平担当課長は、「PPA業者を保険で支援することによって、企業が再エネ電力を安定的に調達できる仕組みを築いていきたい」と展望を語る。
16,東京都、洋上太陽光など先端技術実証を採択総額1.8億円拠出2022年12月号,先行事業を実施する東京都江東区内の中央防波堤エリア（東京都プレス発表資料より）東京都は2022年11月4日、総額1.8億円拠出する先端技術に関する実証事業の採択結果を公表した。全9件のうち5件が再生可能エネルギー分野で、洋上浮体式太陽光発電や路面舗装型太陽光発電など、新技術を支援する意向を示した。都は21年3月、『未来の東京』を策定し、持続可能な都市計画に向け、脱炭素化を推進し、先端技術の実用化を支援する方針を打ち出した。これを受け、都の政策企画局は22年8月に最先端再エネ、次世代モビリティ、環境改善・資源循環と3つの先行事業を公募し、国内初の洋上浮体式太陽光発電や垂直軸風力発電、路面舗装型太陽光発電など5件の再エネ関連事業を採択した。東京都政策企画局計画調整部プロジェクト推進課の荒川貴志統括課長代理は、「昨今の電力高騰を受け、再エネの実証事業を多く採択した。国内初の洋上浮体式太陽光発電事業では波や塩の影響を検証する」と語る。政策企画局は、再エネ事業5件に3000万円ずつ支給する。その他の事業も含めた総額1.8億円の補助金は、業務委託先のデロイトトーマツコンサルティングを介して交付する予定だ。荒川統括課長代理は、「今回の先行事業を成功させて対外的に広めたい。今後も次世代技術の実証事業を継続的に行う」と方針を語る。なお、洋上浮体式太陽光発電は22年11月から25年3月まで江東区内の中央防波堤エリアで実施される。浮体式太陽光発電実証イメージ図（写真提供:東京都）
17,シナネンHD、営農用太陽光でノータスと協業自治体・企業向けの自己託送用に活用へ2022年12月号,エネルギー企業のシナネンホールディングスは2022年10月21日、営農用太陽光発電所のコンサルティングや架台を販売するノータスソーラージャパン（大阪市、髙橋隆造社長）と協業すると発表した。開発した営農用太陽光発電所の再生可能エネルギー電力を企業や自治体に供給する。主に自己託送制度を活用していく考えだ。両社は22年7月末に協業で合意。ノータスが営農用太陽光発電所の用地開発や架台供給、営農のコンサルティングなどを担い、シナネンHDが再エネ電力を求める自治体や企業へ提案する。発電所はシナネンHDグループが所有し、EPC（設計・調達・建設）やO&M（管理・保守）業務はシナネンHD子会社のシナネンファシリティーズに委託する。ノータスが扱うのは伊・レムテックの特許技術を活用した2軸追尾式の営農用架台だ。柱同士の間隔や架台の高さなどで営農作業の空間を広く確保でき、大型農機を利用できるという特徴がある。シナネンHD成長戦略部の高橋大輔部長は、「大型農機を使えるため、労働集約型だけでなく、米や小麦など土地利用型作物を育てられる。MW級の営農用太陽光発電所にも対応しやすい」と語る。営農用太陽光発電所の生み出す再エネ電力は、脱炭素化を目指す自治体や企業へ供給していく方針で、まずは自己託送制度の活用を想定しているようだ。高橋部長は、「早ければ23年内に第1号案件を稼働させたい。地域の企業や自治体を巻き込んだ仕組みにできれば」と意気込む。
18,オープンハウス 太陽光発電所15.4MW取得へ投資額60億円2022年12月号,不動産大手のオープンハウスグループは2022年10月25日、太陽光発電所を運営するSPC（特別目的会社）を設立して発電事業を開始すると発表した。約60億円を投じ、稼働済みの太陽光発電所を20基購入する。再生可能エネルギーの開発に力を入れる構えだ。同社は約60億円投じて、北海道や福島県、群馬県、愛媛県などに点在する計20基の太陽光発電所を購入する。すでに10基ほど取得済みで、残りを23年3月までに買い入れる。いずれもFITを活用して開発された稼働済みの太陽光発電所で、20基合計の直流出力は15.4MW、年間発電量は約2000万kWhになるという。同社経営企画本部の牧山沙弥香経営企画部係長は、「環境に配慮するため、再エネ発電事業に参入した。全国に点在する稼働済みの発電所を取得することでリスクを抑えた」と語り、「今後は太陽光発電所に限らず、他の再エネ発電所も運用していきたい」と展望を述べた。同社は18年に二酸化炭素の排出量を開示し、21年11月に脱炭素計画を策定。30年度までに二酸化炭素排出量を18年度比46％削減し、50年度にゼロにする目標を掲げた。22年7月には太陽光発電所を運用する発電事業への参入を計画し、今回事業化した。同社が取得した福島県郡山市内の太陽光発電所
19,東急不動産子会社、〝非FIT〟再エネを活用した法人向け電力供給サービス開始2022年12月号,東急不動産子会社で再生可能エネルギー関連事業を手掛けるリエネ（東京都渋谷区、西田恵介社長）は、デジタルグリッドと法人向けの電力供給サービスを開発し、2022年11月1日よりサービスの提供を開始した。〝非FIT〟の再エネを活用するメニューも揃え、事業拡大を狙う。今回のサービスは、小売電気事業者であるデジタルグリッドの取次店として法人向けに電力を供給するというもの。契約期間の縛りがなく1ヵ月前に連絡すれば違約金なしで解約できるほか、JEPX（日本卸電力取引所）価格連動型の従量課金制を採用した点が特徴だ。同社は、標準プランに加え、非FITの再エネ電源を使った再エネプランや、非化石証書を付与する実質再エネプランも揃えており、同社エネルギーソリューション部営業企画グループの山田可奈子係長は、「そもそも〝電力難民〟の問題をきっかけに開発した」と経緯を説明する。22年春以降、燃料費高騰などの影響で新電力会社の撤退や大手電力会社の新規契約停止が相次ぎ、法人のなかには電力の契約先が見つからない〝電力難民〟が発生し、セーフティネットである送配電事業者による最終保障供給を受けざるを得ない企業も増えていた。ここに来て、大手電力会社が新規契約の受付再開を発表しているものの、実際の電力供給は23年4月以降になる場合もある。そこで、同社は最終保障供給契約から抜け出しつつ、次の契約が始まるまでの一時的な電力供給を受けられるサービスを開発したという。ただ、同社としては期間限定で終わらせたくはない。ゆえに再エネを差別化要因としたわけだ。東急不動産はこれまでに開発中を含めて85件1338MWの再エネ発電事業に携わっており、そうした再エネ関連事業の知見や実績を活かす新会社としてリエネを21年9月に設立していた。非FITの再エネ電源を使った再エネプランでは、主にコーポレートPPA（電力売買契約）による再エネ電力供給を組み合わせる方針だ。活用する再エネ電源は新規開発しているほか、低単価のFIT案件のFIP（フィード・イン・プレミアム制度）への切替えも視野にあるようだ。同社エネルギーソリューション部営業企画・ソリューショングループの高橋茂昭部長・グループリーダーは、「今回のサービスは顧客接点の始まりとなる。継続してもらえるよう再エネで脱炭素化を支援したい。再エネ電源のマッチングサイトも構築中だ」としたうえで、「電力小売りを礎としつつ、自治体や企業などが抱える課題の解決に繋がるサービスも提供していきたい」と意気込む。11月1日からサービスを開始し、まずは標準プランの供給から始めた。当面はデジタルグリッドの取次店としてサービスを提供するが、小売電気事業者登録の申請作業も進めており、23年4月以降を目途に自らのライセンスをもとに電力供給していく予定だ。
20,日立、自己託送向けEMS開発実証開始へ2022年12月号,同社カーボンニュートラル事業部フロントエンジニアリング部の佐野賢治部長日立製作所は2022年10月19日、EMS（エネルギー管理システム）技術を活用した自己託送を始めると発表した。事業所の脱炭素化を進めつつ、EMSの実証実験を重ね、先々は他社への販売に繋げたい考えだ。同社は、AI（人工知能）と監視制御装置を組み合わせたEMSを開発した。気候・日射データと発電データをAIで照合しながら発電予測の誤差を埋めつつ、需給計画を30分毎に発電側・需要側の双方で補正することで計画値の精度を高めていく仕組みだ。同社は24年3月から約15年間、EMSを用いた自己託送の実証事業を2拠点で実施する。実証事業では、太陽光発電設備と蓄電設備の劣化診断も行う。太陽光発電設備の発電量と蓄電設備の充放電量をそれぞれ予測し、計画値を立てたうえで実績値との比較から劣化具合を予測する。同社エネルギービジネスユニットエネルギーソリューション事業統括本部カーボンニュートラル事業部フロントエンジニアリング部の佐野賢治部長は、「自己託送の利用は増えたが、インバランスリスクを回避するため、発電計画を甘めに設定し、その分出力を抑制しているという現状がある。この課題を解消するため、長期間の実証試験を計画した」と語る。同社は、埼玉県鳩山町内の研究施設内に直流出力約2～3MWの太陽光発電設備と蓄電容量約2000～3000kWhの蓄電設備を新設。設備が生み出す約90％の再生可能エネルギー電力を東京都国分寺市内の自社研究施設に託送し、残りを鳩山町の研究施設で自家消費する実証試験を始める計画だ。佐野部長は、「まずは社内で検証し、精度の高い需給管理法を構築する」と語る。同社は、脱炭素化の実現に向け、環境長期目標『日立環境イノベーション2050』を策定し、自社の事業所のカーボンニュートラル（炭素中立）を30年度までに達成するという目標を掲げた。今回の実証事業で国分寺の研究施設の二酸化炭素排出量を30年度までに10年度比75％削減できると見込んでいる。太陽光発電設備と蓄電設備を新設する埼玉県鳩山町内の研究施設
